0,34.23448554,88.76936408,48.10405388,92.19544457,62.2655603,75.02666193,40.01249805,95.85927185,96.7729301,54.08326913,65.11528238,56.35601121,22.20360331,67.36467917,87.09190548,103.0776406,65.29931087,92.13576938,101.8331969,90.42676595,32.01562119,81.3019065,61.46543744,73.68174808,84.95881355,113.8990781,72.42237223,75.05997602,59.40538696,74.24957912,66.60330322,75.00666637,82.49242389,75.50496672,125.8729518,30.3644529,89.28605714,51.0881591,58.13776741,19.92485885,85.27602242,28.01785145,104.8093507,57.70615219,78.23042886,80.05623024,103.4794666,87.09190548,11.66190379,69.35416354,37.01351105,73.17103252,39.81205847,82.28000972,94.51454914,105.2093152,101.4001972,56.00892786,74.06078585,58.72818744,97.63708312,54.40588203,58.69412236,71.84705979,119.9708298,41.23105626,41.23105626,97.52948272,110.8016245,47.5394573,62.03224968,67.91170739,17,53.90732789,91.67878708,65.11528238,42.01190308,86.3539229,81.15417426
34.23448554,0,55.02726597,31.01612484,96.66436779,33.60059523,42.72001873,6.708203932,63.0634601,85.0940656,21.1896201,31.04834939,27.20294102,18.35755975,34.78505426,69.63476143,73,41.23105626,58.69412236,77.52418977,63.82005954,12.36931688,81.59656856,29.83286778,40.70626487,63.3245608,88.75246475,45.48626166,41.01219331,34.0147027,43.27817002,43.08131846,79.15806971,67.47592163,41.48493703,101.5480182,35.35533906,55.71355311,59.81638571,40.19950248,18.02775638,65.1459899,26.17250466,74.51845409,28.60069929,79.12016178,59.13543777,81.43709229,53.60037313,40.44749683,70.38465742,27.31300057,39.01281841,36.23534186,73.17103252,79.07591289,85.70297544,73.87827827,62.68173578,46.61544808,39.45883931,68.59300256,21.63330765,24.51530134,55.4436651,97.94386147,43.26661531,43.26661531,66.84309987,90.82400564,47.41307836,28.63564213,64.56004957,36.40054945,31.78049716,65.4599114,63.90618123,30.08321791,55.97320788,47.01063709
88.76936408,55.02726597,0,54.5710546,115.6027681,33.24154028,16.76305461,50.56678752,11.70469991,82.41965785,40.60788101,24.16609195,36.22154055,68.59300256,34.66987165,62.20128616,30.14962686,41.18252056,27.65863337,50.69516742,37.16180835,62.64982043,98.60020284,29.01723626,16.03121954,50.21951812,56.08029957,33.60059523,21.9544984,40.16217126,21.47091055,42.19004622,101.8724693,65.8559033,13.89244399,68.02940541,77.31752712,2,93.60555539,52.80151513,72.61542536,54.40588203,70.00714249,30.41381265,35.35533906,97.65244493,50.32891813,58.82176468,26.01922366,92.77930804,91.92388155,63.38769597,21.40093456,70.40596566,79.20858539,71.56116265,67.41661516,39.3192065,93.40770846,32.01562119,50.56678752,31.25699922,34.525353,30.87069808,58.25804665,70.57619995,78.10249676,78.10249676,24,69.92138443,77.79460136,33.9411255,82.68010643,86.14522622,46.84015371,39,85.08818954,61,21.47091055,17.72004515
48.10405388,31.01612484,54.5710546,0,69.0651866,21.37755833,37.85498646,34.71310992,57.03507693,54.23098745,43.41658669,38.60051813,19.23538406,26.62705391,54.03702434,40.31128874,58.52349955,18.38477631,71.28113355,53.81449619,43.41658669,43.0464865,52.83937925,26.83281573,38.89730068,36.87817783,65.94694838,26.92582404,52.80151513,15,34.13209633,19.23538406,52.49761899,37.10795063,45.61797891,77.78174593,24.73863375,54.12947441,39.39543121,10.29563014,43.32435804,37.44329045,20.80865205,60.44005295,19.6977156,50.7740091,32.01562119,55.4436651,66.61080993,46.32493929,42.80186912,11.66190379,50,16.03121954,42.19004622,49.04079934,57.80138407,54.58937626,39.96248241,28.86173938,10.63014581,52.20153254,26.87005769,36.06937759,25.29822128,72.00694411,23.53720459,23.53720459,54.12947441,63.28506933,23.70653918,47.01063709,35.35533906,37.58989226,8,44.41846463,35.80502758,7.280109889,43.41658669,56.60388679
92.19544457,96.66436779,115.6027681,69.0651866,0,85.5628424,100.0049999,101.9656805,112.6809656,44.10215414,112.3610253,106.3014581,86.55634003,82.56512581,123.004065,58.52349955,103.0776406,75.07329752,137.8876354,81.74350127,85,106.6255129,17.02938637,93.43446901,102.6498904,69.35416354,90.09439494,82.00609733,120.3411816,78.51751397,94.49338601,73.75635566,17.72004515,52.39274759,111.0360302,94.02127419,64.76109943,114.4027972,41.10960958,65.11528238,101.1385189,65.3911309,72.42237223,104.9237819,86.45229899,18.43908891,67.11929678,75.31268154,133.6600165,82,26.41968963,69.35416354,117.5159564,60.53924347,38.07886553,53.93514624,68.35934464,92.35799911,36.34556369,83.60023923,67.2086304,96.25487001,95.60334722,104.8093507,57.42821606,83,54.40588203,54.40588203,102.859127,72.0624729,49.39635614,116.0172401,34.05877273,75.23961722,73.87827827,84.17244205,33.28663395,67.11929678,96.56603958,123.0365799
62.2655603,33.60059523,33.24154028,21.37755833,85.5628424,0,16.4924225,33.10589071,36.05551275,60.16643583,34,21.47091055,6.403124237,40.24922359,40.16217126,41.30375286,40.81666326,11.70469991,52.34500931,44.28317965,30.23243292,45.27692569,68.62215386,8.544003745,17.88854382,32.14031736,55.22680509,12.08304597,35,7.211102551,13.03840481,13.60147051,70.43436661,41.76122604,25.61249695,68.09552114,45.04442252,32.75667871,60.40695324,20.61552813,50.93132631,35,38.83297568,42.54409477,5,67.17886572,29.01723626,49.04079934,48.10405388,63.5688603,60.44005295,31.06444913,32.20248438,37.33630941,52.35456045,51.4781507,54.58937626,40.36087214,60.41522987,13.03840481,18.43908891,35.60898763,15.13274595,22.36067977,30.87069808,65.19202405,44.91102315,44.91102315,35.34119409,59.22837158,44.59820624,33.95585369,51.66236541,55.78530272,13.60147051,31.90611227,53.41348144,28.0713377,24.16609195,37.48332963
75.02666193,42.72001873,16.76305461,37.85498646,100.0049999,16.4924225,0,39.69886648,20.88061302,69.77105417,34,16.15549442,20.02498439,53.85164807,34.13209633,49.65883607,31.40063694,25,38.83297568,44.10215414,29.01723626,52.40229003,82.97590012,13.60147051,4,38.27531842,52.63078947,18.60107524,24.51530134,23.40939982,5.830951895,26.2488095,85.70297544,52.15361924,12.64911064,65.520989,61.03277808,16.2788206,76.84399781,36.23534186,60.74537019,42.15447782,54.14794548,32.64965543,19,81.83520025,37.12142239,51.03920062,35.35533906,77.87810989,75.71657678,47.04253395,22.20360331,53.75872022,64.66065264,59.61543424,58.54912467,35.73513677,76.69419796,17.49285568,34,28.63564213,21.09502311,21.63330765,43.18564576,65.37583651,61.39218191,61.39218191,24.8394847,62.12889827,61.03277808,30.08321791,66.61080993,70.71067812,30.08321791,31.01612484,68.79680225,44.40720662,15.23154621,24.59674775
40.01249805,6.708203932,50.56678752,34.71310992,101.9656805,33.10589071,39.69886648,0,59.36328832,88.02272434,14.56021978,26.40075756,26.92582404,25.05992817,28.16025568,71.56814934,70.72481884,42.20189569,52.34500931,77.38862966,63.13477647,12.72792206,86.53900855,27.80287755,37.20215048,64.28841264,88.19297024,45.18849411,35.05709629,34.92849839,41.10960958,44.14748011,84.59905437,70.0285656,36.76955262,101.1187421,41.77319715,51.42956348,65.94694838,43.0464865,22.13594362,66.49060084,32.55764119,72.12489168,28.23118843,84.17244205,60.41522987,81.93289938,47.26520919,46.87216658,75.58438992,32.75667871,33.24154028,41.88078318,76.79192666,81.3019065,86.83317338,72.6704892,68.60029154,46.06517123,42,66.84309987,19.20937271,19.6977156,58.00862005,98.23441352,49.2036584,49.2036584,64.35060217,91.76055798,53,22.20360331,69.28924881,43.08131846,34.0147027,64.88451279,68.94200461,34.92849839,53.81449619,41.19465985
95.85927185,63.0634601,11.70469991,57.03507693,112.6809656,36.05551275,20.88061302,59.36328832,0,76.4198927,50.91168825,33.42154993,40.60788101,74.72616677,46.14108798,56.5862174,19.02629759,41,38.05259518,41.62931659,29.83286778,71.84705979,95.8801335,34.4818793,22.36067977,44.59820624,45.54119015,32.28002478,33.54101966,42.04759208,23.02172887,41.48493703,100.2247474,61.22091146,24.08318916,57.03507693,81.09870529,9.848857802,94.72592042,53.15072906,81.0061726,48.83646179,74.67261881,19.02629759,39.45883931,95.29428105,45.80392996,50.08991915,37.12142239,98.71676656,90.47098983,67.11929678,32.75667871,73.06161783,75.21303079,65.19202405,59.05929224,29.41088234,93.86160024,30.3644529,50.99019514,21.54065923,41.62931659,40,55.47071299,60.41522987,80.30566605,80.30566605,13.60147051,60.92618485,79.07591289,44.82186966,81.0246876,91.41115906,49.04079934,31.40063694,83.93449827,64,16.1245155,29.41088234
96.7729301,85.0940656,82.41965785,54.23098745,44.10215414,60.16643583,69.77105417,88.02272434,76.4198927,0,93.38094024,81.27115109,64.13267498,78.58753082,100.284595,20.24845673,63.00793601,48.50773134,108.4066419,39.35733731,46.66904756,97.25224933,32.01562119,68.68041933,73.34848328,32.20248438,46.32493929,51.4781507,93.62157871,54.91812087,63.95310782,46.57252409,41.43669871,18.43908891,82.29216245,50.009999,66.64082833,80.80222769,55.90169944,45,96.88137076,28.01785145,69.57010852,64.63745044,63.34824386,33.83784863,32.64965543,31.95309062,105.1189802,90.42676595,36.89173349,61.84658438,91,57.00877125,15,11.40175425,24.33105012,51.31276644,51.0881591,52.32590181,46.04345773,56.85068161,74.33034374,82.46211251,30.14962686,39.11521443,56.43580424,56.43580424,64.44377394,28,50.24937811,94.11163584,31.82766093,81.41252975,54.08326913,45.27692569,36.06937759,57.27128425,61.22091146,94.36630755
54.08326913,21.1896201,40.60788101,43.41658669,112.3610253,34,34,14.56021978,50.91168825,93.38094024,0,18.02775638,29.27456234,39.39543121,13.60147051,75.16648189,65.19202405,45.17742799,38.05259518,76.40026178,61.40032573,23.53720459,96.25487001,26.17250466,30.52867504,66.06814664,86.03487665,45.27692569,21.84032967,38.47076812,37.33630941,47.16990566,95.4410813,74.96665926,26.90724809,99.02019996,55.21775077,41.86884283,78.51751397,49.64876635,35.12833614,69,46.04345773,66.28725368,30.14962686,94.15412896,63.00793601,82.20097323,33.01514804,61.39218191,85.98255637,44.55333882,20.61552813,53.75872022,83.81527307,85.28774824,88.36288814,69.46221995,80.65977932,45.54119015,48.08326112,62.60990337,19.10497317,12.64911064,63.34824386,97.74456507,61.52235366,61.52235366,58.52349955,92.77930804,64.5368112,8.062257748,78.77182237,57.5847202,40.16217126,63.3245608,79.07591289,45.607017,49.1934955,28.16025568
65.11528238,31.04834939,24.16609195,38.60051813,106.3014581,21.47091055,16.15549442,26.40075756,33.42154993,81.27115109,18.02775638,0,19.79898987,46.01086828,19.23538406,61.84658438,47.16990566,33.10589071,32.75667871,59.68249325,44.55333882,38.58756276,89.49860334,13.03840481,12.52996409,51.4781507,68.68041933,30.41381265,14.2126704,28.01785145,20.22374842,34.92849839,90.52071586,62.96824597,10.44030651,81.60882305,57.56735186,25.05992817,77.52418977,41.23105626,48.46648326,54.91812087,49.24428901,48.25971405,19.84943324,87.86353055,49.24428901,66.12110102,28.01785145,70.0285656,80.61017306,44.38468204,11.40175425,52.77309921,73.8241153,72.03471385,73.02739212,51.86520992,78.49203781,30.14962686,39.20459157,44.77722635,12.64911064,6.708203932,52.32590181,81.04936767,60.8276253,60.8276253,40.49691346,77.02596965,62.12889827,14.14213562,72.24956747,64.19501538,32.52691193,46.5295605,73.53910524,43.41658669,31.38470965,18.38477631
56.35601121,27.20294102,36.22154055,19.23538406,86.55634003,6.403124237,20.02498439,26.92582404,40.60788101,64.13267498,29.27456234,19.79898987,0,34.53983208,37.12142239,46.01086828,46.87216658,16,52.20153254,50.53711507,36.61966685,38.94868419,69.8140387,7.615773106,20.22374842,37.65634077,61.58733636,18.35755975,33.9705755,9.219544457,18.02775638,18,70.72481884,45.70557953,26.40075756,74.43117626,41.10960958,36.05551275,58.6003413,21.63330765,44.55333882,40.19950248,34.13209633,48.54894438,1.414213562,68.11754546,34.13209633,55.02726597,47.63402146,58.24087911,60.81118318,27.16615541,31.144823,34.4818793,55.15432893,56.08029957,60.20797289,46.75467891,59.16924877,19.41648784,19.72308292,41.86884283,10.19803903,18.78829423,34.20526275,71.30918594,42.3792402,42.3792402,41.18252056,65,42.94182111,30.46309242,52.49761899,50.80354318,12.72792206,38.27531842,53.74011537,25,30.01666204,37.44329045
22.20360331,18.35755975,68.59300256,26.62705391,82.56512581,40.24922359,53.85164807,25.05992817,74.72616677,78.58753082,39.39543121,46.01086828,34.53983208,0,52.92447449,66.64833081,81.0061726,43.18564576,76.15773106,79.93122043,68.24954212,24.69817807,68.8839604,40.26164428,52.95280918,63.41135545,91.92388155,50.21951812,57.87054518,37.20215048,52.55473337,44.55333882,64.84597135,62.76941931,56.0357029,104.0624812,18.35755975,68.8839604,43.41658669,36.89173349,19.02629759,64.07027392,10.19803903,82.76472679,35.84689666,66.09841148,58.6003413,82.00609733,71.06335202,24.18677324,57.07013229,16.76305461,55.57877293,23.02172887,64.93843238,74.8465096,84.38009244,79.20227269,47.01063709,51.86520992,37.20215048,75.47184906,34.13209633,40.19950248,51.42956348,98.60020284,28.16025568,28.16025568,75.58438992,89.88882022,33.54101966,46.4865572,53.03772242,18.43908891,31.82766093,69.52697318,51.35172831,21.54065923,64.40496875,63.50590524
67.36467917,34.78505426,34.66987165,54.03702434,123.004065,40.16217126,34.13209633,28.16025568,46.14108798,100.284595,13.60147051,19.23538406,37.12142239,52.92447449,0,81.0246876,62.96824597,51.86520992,25.07987241,78.23042886,63.12685641,36.01388621,106.5082156,31.6227766,30.14962686,70.71067812,86.49277426,49.64876635,12.80624847,46.09772229,39,53.75872022,106.5269919,81.90848552,23.08679276,99.24716621,68.26419266,36.35931793,90.90654542,58.66856058,48.01041554,74.14849965,59.16924877,63.69458376,37.57658846,104.6231332,68.44705983,85.00588215,20.22374842,74.95331881,96.8297475,56.85068161,13.41640786,65.94694838,92.19544457,91.21951546,92.13576938,69.42621983,92.6984358,49.36598019,56.82429058,61.84658438,27.45906044,18.35755975,70.9365914,99.50376877,73.87827827,73.87827827,56.30275304,96.00520819,76.38062582,7.071067812,89.05054744,71.16881339,49.39635614,65.12296062,89.81091248,57.28001397,48.83646179,18.43908891
87.09190548,69.63476143,62.20128616,40.31128874,58.52349955,41.30375286,49.65883607,71.56814934,56.5862174,20.24845673,75.16648189,61.84658438,46.01086828,66.64833081,81.0246876,0,44.72135955,30.01666204,88.19297024,24.0208243,27.20294102,82,42.95346319,49.64876635,53.31041174,12.04159458,34.525353,31.6227766,73.73601562,37.01351105,43.8634244,28.01785145,50.08991915,7.071067812,62.24146528,42.95346319,58.72818744,60.6052803,56.08029957,30.08321791,83.57032966,7.810249676,59.07622195,46.5188134,45.04442252,43.41658669,12.64911064,19.92485885,84.97058314,82.8794305,42.10700654,50.24937811,71.16881339,48.16637832,20.61552813,10.19803903,18.38477631,33.83784863,52.49761899,32.31098884,30.3644529,38.07886553,56.08029957,63.63961031,15.26433752,34.40930107,50.44799302,50.44799302,45.22167622,24.04163056,45.22167622,75.13321503,33.54101966,73.66138744,37.85498646,26.07680962,37.85498646,45.27692569,41.10960958,74.24957912
103.0776406,73,30.14962686,58.52349955,103.0776406,40.81666326,31.40063694,70.72481884,19.02629759,63.00793601,65.19202405,47.16990566,46.87216658,81.0061726,62.96824597,44.72135955,0,40.26164428,57.07889277,24.8394847,18.43908891,83.45058418,86.97700846,43.18564576,34.66987165,33.83784863,26.68332813,31.6227766,50.96076922,44.38468204,29.73213749,39.81205847,92.89241088,50.69516742,39.92492956,38.01315562,83.24061509,28.16025568,92.00543462,51.623638,90.90654542,37.69615365,78.54934755,2,45.48626166,86.97700846,36.87817783,33.42154993,56.0357029,103.8701112,83.74365648,69.89277502,49.64876635,73.75635566,65,51.6139516,42.63801121,12.04159458,90.08884504,29.73213749,49.81967483,7.071067812,51.623638,53.00943312,48.50773134,41.76122604,79.906195,79.906195,6.708203932,43.56604182,77.23341246,60.37383539,74.33034374,95.63472173,50.92150823,18.97366596,77.92945528,65.80273551,17.02938637,47.67598976
65.29931087,41.23105626,41.18252056,18.38477631,75.07329752,11.70469991,25,42.20189569,41,48.50773134,45.17742799,33.10589071,16,43.18564576,51.86520992,30.01666204,40.26164428,0,63.03173804,37.01351105,25.23885893,53.48831648,58.05170109,20.24845673,27.58622845,22.13594362,48.83646179,9,46.32493929,7.280109889,19.72308292,2,60.74537019,30.08321791,36.12478374,61.22091146,43.01162634,40.24922359,53.75872022,12.16552506,57.14017851,24.33105012,38.94868419,42.20189569,15.03329638,56.85068161,18.24828759,40.24922359,59.03388857,64.49806199,50.7740091,29.96664813,43.56604182,33.54101966,40.81666326,40.11234224,44.64302857,36.35931793,52.88667129,11,10.04987562,33.83784863,26.07680962,33.95585369,19.23538406,56.82429058,40.04996879,40.04996879,36.22154055,49.64876635,38.20994635,45.607017,41.61730409,55.90169944,11.40175425,26.40075756,43.9089968,25.63201124,26.01922366,48.27007354
92.13576938,58.69412236,27.65863337,71.28113355,137.8876354,52.34500931,38.83297568,52.34500931,38.05259518,108.4066419,38.05259518,32.75667871,52.20153254,76.15773106,25.07987241,88.19297024,57.07889277,63.03173804,0,78.33900689,64.51356447,61.07372594,120.9173271,44.82186966,35.60898763,76.47875522,83.48652586,57.42821606,18.78829423,59.46427499,44.65422712,64.5368112,122.6743657,90.97252332,26.90724809,95.08417324,89.69392399,29.61418579,110.2769242,72.9177619,73.00684899,80.5294977,80.99382693,57.00877125,52.0096145,119.5198728,75.80237463,86.40023148,5.099019514,99.14131329,112.6987134,76.92203845,21.47091055,85.47514259,103.406963,97.9489663,94.86832981,66.91038783,111.2205017,56.30275304,70.76722405,58.85575588,45.17742799,36.76955262,81.83520025,98.15294188,93.53608929,93.53608929,51.35172831,97.52948272,94.87360012,30.14962686,104.0048076,94.59386872,64.81512169,66.40783086,105.6456341,76.15773106,48.70318265,14.86606875
101.8331969,77.52418977,50.69516742,53.81449619,81.74350127,44.28317965,44.10215414,77.38862966,41.62931659,39.35733731,76.40026178,59.68249325,50.53711507,79.93122043,78.23042886,24.0208243,24.8394847,37.01351105,78.33900689,0,15.13274595,89.47066558,66.75327707,50.59644256,48.09365863,17.88854382,12.20655562,32.20248438,68.02940541,43.829214,39.45883931,35.4682957,74.10802925,31,56.00892786,24.20743687,76.55063684,48.76474136,78.58753082,44.20407221,94.04786016,19.6468827,74.51845409,26.17250466,49.1934955,67.36467917,22.82542442,8.602325267,76.29547824,99.80981916,66.03029608,65.29931087,66,66.03786792,44.40720662,28.23118843,17.80449381,12.80624847,75.50496672,31.38470965,43.27817002,20.1246118,58.87274412,63.78871374,34.17601498,21.37755833,70.21395873,70.21395873,28.17800561,19.31320792,65.9241989,73.8241153,57.218878,90.80198236,48.16637832,13.15294644,61.40032573,60.44005295,30.14962686,66.48308055
90.42676595,63.82005954,37.16180835,43.41658669,85,30.23243292,29.01723626,63.13477647,29.83286778,46.66904756,61.40032573,44.55333882,36.61966685,68.24954212,63.12685641,27.20294102,18.43908891,25.23885893,64.51356447,15.13274595,0,75.47184906,68.70953355,35.84689666,33.01514804,15.65247584,25.05992817,18.43908891,53.15072906,31.144823,24.33105012,24.18677324,74.46475676,32.64965543,41.10960958,38.01315562,67.62396025,35.34119409,74.16872656,35.11409973,80.9197133,19.72308292,64.14047084,20.39607805,35.22782991,68.62215386,18.43908891,22.20360331,62.09669879,89.69392399,65.30696747,55.07267925,51.03920062,57.5847202,46.95742753,35.38361203,30.3644529,11.18033989,72,17.20465053,33.61547263,11.40175425,44.28317965,48.76474136,30.14962686,36.49657518,63.0634601,63.0634601,18.02775638,33.37663854,59.8414572,58.69412236,55.90169944,81.0061726,36.61966685,2,59.53990259,50.53711507,15.8113883,51.97114584
32.01562119,12.36931688,62.64982043,43.0464865,106.6255129,45.27692569,52.40229003,12.72792206,71.84705979,97.25224933,23.53720459,38.58756276,38.94868419,24.69817807,36.01388621,82,83.45058418,53.48831648,61.07372594,89.47066558,75.47184906,0,92.17917335,40.45985665,49.81967483,75.61084578,100.4987562,57.30619513,45.35416188,46.23851209,53.81449619,55.36244214,88.95504483,79.76214641,48.76474136,113.3710721,43.0464865,63.63175308,68.09552114,52.46903849,12.16552506,77.49193506,34.43835072,84.85281374,40.31128874,89.56003573,71.47027354,93.62157871,56.14267539,41.14608122,80.65358021,37.85498646,43.96589587,46.17358552,85.02352616,91.41115906,98.03060747,85.21150157,71.55417528,58.30951895,51.7880295,79.51100553,31.89043744,31.90611227,67.74215822,110.0727032,52.39274759,52.39274759,77.07788269,103.1212878,57.24508713,31.57530681,75.50496672,39.8246155,44.14748011,77.17512553,74.46475676,41.30375286,66.52818951,51.66236541
81.3019065,81.59656856,98.60020284,52.83937925,17.02938637,68.62215386,82.97590012,86.53900855,95.8801335,32.01562119,96.25487001,89.49860334,69.8140387,68.8839604,106.5082156,42.95346319,86.97700846,58.05170109,120.9173271,66.75327707,68.70953355,92.17917335,0,76.57675888,85.63293759,53.14132102,76.05918748,65,103.4794666,61.61980201,77.46612163,56.72741841,10,36.40054945,94.04786016,81.49846624,52.03844733,97.41663102,31.6227766,48.27007354,87.82368701,49.33558553,58.69412236,88.86506625,69.65629907,3.16227766,50.56678752,61.07372594,116.7261753,72.18032973,12,54.40588203,100.6578363,46.09772229,22.36067977,40.01249805,55.14526272,76.65507159,26.2488095,66.61080993,50.32891813,80.05623024,79.0569415,88.23264702,40.49691346,70.85901495,41.10960958,41.10960958,86.40601831,59.53990259,35.35533906,99.5690715,17.49285568,64.38167441,57.20139858,68.00735254,17.72004515,51.623638,79.75587753,106.0754448
61.46543744,29.83286778,29.01723626,26.83281573,93.43446901,8.544003745,13.60147051,27.80287755,34.4818793,68.68041933,26.17250466,13.03840481,7.615773106,40.26164428,31.6227766,49.64876635,43.18564576,20.24845673,44.82186966,50.59644256,35.84689666,40.45985665,76.57675888,0,13,40,60.8358447,19.10497317,26.90724809,15,13.45362405,22.13594362,77.89736838,50.28916384,18.78829423,73.8241153,48.37354649,29.01723626,66.21178143,28.31960452,47.80167361,43.10452412,41,44.68780594,7.211102551,75.00666637,37.21558813,56.08921465,40.36087214,64.32728814,67.94115101,34.525353,24.08318916,42.05948169,60.8276253,59.8414572,62.20128616,44.94441011,66.73080248,19.41648784,26.2488095,39.05124838,8.602325267,14.03566885,39.39543121,71.84010022,49.979996,49.979996,37.01351105,66.61080993,50.53711507,25.49509757,59.41380311,57.31491952,20,37.69615365,60.87692502,32.57299495,26.17250466,30
73.68174808,40.70626487,16.03121954,38.89730068,102.6498904,17.88854382,4,37.20215048,22.36067977,73.34848328,30.52867504,12.52996409,20.22374842,52.95280918,30.14962686,53.31041174,34.66987165,27.58622845,35.60898763,48.09365863,33.01514804,49.81967483,85.63293759,13,0,42.05948169,56.5154846,21.9544984,20.61552813,25.05992817,9.486832981,29,88.00568163,55.56977596,8.94427191,69.37578828,61.29437168,16.03121954,78.18567644,38.27531842,58.66856058,45.88027899,54,35.80502758,19.41648784,84.3860178,40.71854614,55.03635162,31.90611227,77.1038261,78.00640999,47.38143096,18.24828759,54.5710546,67.80117993,63.3245608,62.51399843,39.56008089,78.29431652,21.02379604,36.05551275,32.31098884,19.31320792,18.43908891,46.22769733,69.35416354,62.36184731,62.36184731,28.01785145,66.12110102,62.39390996,26.2488095,69.02897942,70.25667228,31.38470965,35.0142828,71.02816343,45.12205669,18.97366596,21.09502311
84.95881355,63.3245608,50.21951812,36.87817783,69.35416354,32.14031736,38.27531842,64.28841264,44.59820624,32.20248438,66.06814664,51.4781507,37.65634077,63.41135545,70.71067812,12.04159458,33.83784863,22.13594362,76.47875522,17.88854382,15.65247584,75.61084578,53.14132102,40,42.05948169,0,30.01666204,21.09502311,62.64183905,29.41088234,32.57299495,20.24845673,59.22837158,17,50.92150823,41.10960958,58.82176468,48.60041152,61.18823416,26.87005769,78.77182237,4.242640687,57.28001397,35.73513677,36.49657518,53.16013544,5,18.60107524,73.40980861,82.32860985,50.35871325,48.08326112,60.16643583,48.25971405,31.30495168,21.47091055,22.56102835,24.08318916,58.42088668,21.37755833,26.2488095,26.92582404,47.26520919,54.00925847,16.4924225,35.22782991,52.32590181,52.32590181,33.61547263,27.51363298,48.10405388,65.19202405,41.10960958,73.24616031,32.24903099,14.86606875,45.01110974,43.13930922,29.06888371,62.76941931
113.8990781,88.75246475,56.08029957,65.94694838,90.09439494,55.22680509,52.63078947,88.19297024,45.54119015,46.32493929,86.03487665,68.68041933,61.58733636,91.92388155,86.49277426,34.525353,26.68332813,48.83646179,83.48652586,12.20655562,25.05992817,100.4987562,76.05918748,60.8358447,56.5154846,30.01666204,0,43.26661531,75.42545989,55.4436651,48.70318265,47.38143096,84.05355436,41.59326869,63.63961031,13,88.75246475,54.08326913,90.13878189,56.40035461,105.6030303,31.38470965,86.68333173,27.20294102,60.20797289,77,34.98571137,15,82.09750301,112.0044642,76.53103945,77.46612163,73.68174808,78.23042886,54.00925847,36.22154055,22.13594362,17.11724277,86.83317338,42.19004622,55.4436651,25.01999201,69.3181073,73.38937253,46.09772229,15.23154621,82.29823813,82.29823813,32.14031736,20.24845673,77.87810989,82.71033793,68.0661443,103.0048543,60.10823571,23.32380758,72.36711961,72.62231062,37.65634077,73.02739212
72.42237223,45.48626166,33.60059523,26.92582404,82.00609733,12.08304597,18.60107524,45.18849411,32.28002478,51.4781507,45.27692569,30.41381265,18.35755975,50.21951812,49.64876635,31.6227766,31.6227766,9,57.42821606,32.20248438,18.43908891,57.30619513,65,19.10497317,21.9544984,21.09502311,43.26661531,0,42.15447782,13.03840481,12.80624847,9.219544457,68.47627326,33.61547263,30.88689042,56.08029957,51.66236541,32.44996148,62.64982043,21.09502311,62.48199741,24.51530134,47.01063709,33.52610923,17,64.07027392,18.97366596,37.10795063,53.85164807,72.44998275,58.5918083,38.27531842,39.56008089,42.42640687,46.09772229,41.76122604,43.10452412,29.06888371,61.6116872,2,19.02629759,25.49509757,26.92582404,33.01514804,24.75883681,53.14132102,49.04079934,49.04079934,27.29468813,47.51841748,47.16990566,44.10215414,49.24428901,64.07807737,19.31320792,20,51.89412298,34.20526275,17.02938637,43.0464865
75.05997602,41.01219331,21.9544984,52.80151513,120.3411816,35,24.51530134,35.05709629,33.54101966,93.62157871,21.84032967,14.2126704,33.9705755,57.87054518,12.80624847,73.73601562,50.96076922,46.32493929,18.78829423,68.02940541,53.15072906,45.35416188,103.4794666,26.90724809,20.61552813,62.64183905,75.42545989,42.15447782,0,41.86884283,30.08321791,48.02082881,104.6900186,75.58438992,12.04159458,87.96590248,70.9365914,23.70653918,91.58602513,55.22680509,56.71860365,66.40783086,62.29767251,51.54609588,33.9411255,101.9117265,61.09828148,75.32595834,13.89244399,81.3019065,94.76286192,58.13776741,2.828427125,66.73080248,87.13208364,83.81527307,83.02409289,58.30951895,92.65527508,41.43669871,53.15072906,50.48762225,26.41968963,18.02775638,65.51335742,89.02246907,74.79304781,74.79304781,44.38468204,86.46964785,76.2758153,13.92838828,86.31338251,76.29547824,46.69047012,55.14526272,87.69264507,57.45432969,38.01315562,6.32455532
59.40538696,34.0147027,40.16217126,15,78.51751397,7.211102551,23.40939982,34.92849839,42.04759208,54.91812087,38.47076812,28.01785145,9.219544457,37.20215048,46.09772229,37.01351105,44.38468204,7.280109889,59.46427499,43.829214,31.144823,46.23851209,61.61980201,15,25.05992817,29.41088234,55.4436651,13.03840481,41.86884283,0,19.23538406,9.219544457,63.2534584,36.49657518,32.80243893,68.00735254,39.45883931,39.56008089,53.45091206,13.45362405,50.21951812,31.57530681,34.17601498,46.23851209,8.544003745,60.10823571,25.49509757,47.42362281,55.15432893,59.50630219,53.26349594,25.70992026,39.05124838,31.01612484,46.09772229,47.01063709,51.92301994,42.01190308,53.31041174,14.76482306,11.3137085,38.47076812,19.41648784,27.85677655,25,63.95310782,38.32753579,38.32753579,39.56008089,56.92099788,37.64306045,39.56008089,44.55333882,51.26402247,7,32.52691193,46.22769733,22.09072203,28.63564213,44.59820624
74.24957912,43.27817002,21.47091055,34.13209633,94.49338601,13.03840481,5.830951895,41.10960958,23.02172887,63.95310782,37.33630941,20.22374842,18.02775638,52.55473337,39,43.8634244,29.73213749,19.72308292,44.65422712,39.45883931,24.33105012,53.81449619,77.46612163,13.45362405,9.486832981,32.57299495,48.70318265,12.80624847,30.08321791,19.23538406,0,20.80865205,80.45495634,46.32493929,18.38477631,61.68468205,58.07753438,20.61552813,72.53275122,31.38470965,61.22091146,36.40054945,51.7880295,31.2409987,16.76305461,76.40026178,31.30495168,46.01086828,41.18252056,76.24303247,70.49113419,44.10215414,27.65863337,50.15974482,58.89821729,53.85164807,53.23532662,32.20248438,72.11102551,11.66190379,29.15475947,25.8069758,21.9317122,24.69817807,37.48332963,60.8276253,57.55866572,57.55866572,23.60084744,57.00877125,56.75385449,34.36568055,61.29437168,68.65857558,26.17250466,26.30589288,63.63175308,41.01219331,12.72792206,30.41381265
66.60330322,43.08131846,42.19004622,19.23538406,73.75635566,13.60147051,26.2488095,44.14748011,41.48493703,46.57252409,47.16990566,34.92849839,18,44.55333882,53.75872022,28.01785145,39.81205847,2,64.5368112,35.4682957,24.18677324,55.36244214,56.72741841,22.13594362,29,20.24845673,47.38143096,9.219544457,48.02082881,9.219544457,20.80865205,0,59.68249325,28.16025568,37.64306045,59.66573556,43.65775991,41.18252056,53.46026562,12,58.83026432,22.36067977,39.96248241,41.77319715,17.02938637,55.6057551,16.2788206,38.47076812,60.6052803,65.51335742,49.73932046,30.88689042,45.27692569,33.95585369,39.11521443,38.11823711,42.72001873,35.35533906,52.39274759,11.18033989,10.04987562,33.24154028,28.0713377,35.90264614,17.49285568,55.07267925,40.19950248,40.19950248,36.05551275,47.75981575,38.05259518,47.5394573,40.49691346,56.82429058,12.72792206,25.23885893,42.94182111,26.40075756,26.17250466,49.81967483
75.00666637,79.15806971,101.8724693,52.49761899,17.72004515,70.43436661,85.70297544,84.59905437,100.2247474,41.43669871,95.4410813,90.52071586,70.72481884,64.84597135,106.5269919,50.08991915,92.89241088,60.74537019,122.6743657,74.10802925,74.46475676,88.95504483,10,77.89736838,88.00568163,59.22837158,84.05355436,68.47627326,104.6900186,63.2534584,80.45495634,59.68249325,0,43.18564576,96.04686356,90.25519376,47.07440918,100.8464179,24.08318916,49.81967483,83.43260753,55.73149917,54.70831747,94.83142939,70.76722405,7.615773106,56.04462508,69.0651866,118.2581921,65.19202405,10,51.88448708,101.8626526,42.95346319,30.06659276,48.50773134,63.78871374,83.18653737,19,70.23531875,52.0096145,85.86617495,79.30952024,88.52683209,44.94441011,79.83107165,36.68787266,36.68787266,91.70605214,68.44705983,31.78049716,99.48869282,19.23538406,58.00862005,58,73.97972695,17.02938637,49.92995093,84.17244205,107.8146558
82.49242389,67.47592163,65.8559033,37.10795063,52.39274759,41.76122604,52.15361924,70.0285656,61.22091146,18.43908891,74.96665926,62.96824597,45.70557953,62.76941931,81.90848552,7.071067812,50.69516742,30.08321791,90.97252332,31,32.64965543,79.76214641,36.40054945,50.28916384,55.56977596,17,41.59326869,33.61547263,75.58438992,36.49657518,46.32493929,28.16025568,43.18564576,0,64.49806199,49.76946855,53.41348144,64.38167441,49.24428901,27.29468813,80.36168241,13,54.58937626,52.55473337,44.91102315,36.67424164,15.55634919,26.92582404,87.46427842,77.62087348,35.05709629,46.09772229,72.9177619,43.01162634,14.31782106,12.08304597,24.41311123,40.26164428,45.54119015,34.66987165,28.0713377,43.8634244,55.90169944,64.03124237,12.04159458,40.81666326,44.55333882,44.55333882,50.60632372,30,39.05124838,75.69015788,26.47640459,68.41052551,36.01388621,31.78049716,30.8058436,41.23105626,45.3431362,76.66159404
75.50496672,41.48493703,13.89244399,45.61797891,111.0360302,25.61249695,12.64911064,36.76955262,24.08318916,82.29216245,26.90724809,10.44030651,26.40075756,56.0357029,23.08679276,62.24146528,39.92492956,36.12478374,26.90724809,56.00892786,41.10960958,48.76474136,94.04786016,18.78829423,8.94427191,50.92150823,63.63961031,30.88689042,12.04159458,32.80243893,18.38477631,37.64306045,96.04686356,64.49806199,0,76.29547824,66.49060084,15,85,46.22769733,58.87274412,54.7813837,58.54912467,40.71854614,25.94224354,92.6984358,49.65883607,63.28506933,23.02172887,80.15609771,86.05230967,52.88667129,10.04987562,60.74537019,76.6093989,72.23572523,71.02112362,46.5295605,85.47514259,29.96664813,44.04543109,38.83297568,22.02271555,17.08800749,55,77.0584194,68.70953355,68.70953355,33.24154028,74.43117626,69.3181073,20.80865205,77.23341246,74.02702209,38.58756276,43.10452412,79.0253124,51.26402247,26.07680962,12.20655562
125.8729518,101.5480182,68.02940541,77.78174593,94.02127419,68.09552114,65.520989,101.1187421,57.03507693,50.009999,99.02019996,81.60882305,74.43117626,104.0624812,99.24716621,42.95346319,38.01315562,61.22091146,95.08417324,24.20743687,38.01315562,113.3710721,81.49846624,73.8241153,69.37578828,41.10960958,13,56.08029957,87.96590248,68.00735254,61.68468205,59.66573556,90.25519376,49.76946855,76.29547824,0,99.80981916,66.03029608,99.00505038,67.94115101,118.224363,41.61730409,98.35141077,38.11823711,73.06161783,82.87339742,46.09772229,23.32380758,94.005319,123.434193,83.67795409,89.14033879,86.31338251,89.20201791,60.41522987,41.77319715,26.47640459,29.83286778,95.27329112,55.07267925,67.17886572,37.48332963,82.29216245,86.37708029,56.30275304,11.18033989,92.64987858,92.64987858,44.04543109,22.02271555,87.8179936,95.60334722,75.89466384,114.3372205,72.34638899,36.23534186,80.32434251,84.21995013,50.44799302,85.28774824
30.3644529,35.35533906,77.31752712,24.73863375,64.76109943,45.04442252,61.03277808,41.77319715,81.09870529,66.64082833,55.21775077,57.56735186,41.10960958,18.35755975,68.26419266,58.72818744,83.24061509,43.01162634,89.69392399,76.55063684,67.62396025,43.0464865,52.03844733,48.37354649,61.29437168,58.82176468,88.75246475,51.66236541,70.9365914,39.45883931,58.07753438,43.65775991,47.07440918,53.41348144,66.49060084,99.80981916,0,77.1621669,25.05992817,32.64965543,36.40054945,58.25804665,9.219544457,85.16454661,42.04759208,49.09175083,53.82378656,76.69419796,84.69356528,24.20743687,40.04996879,14,68.35202996,10.63014581,52,65.21502894,77.1038261,78.79086241,28.7923601,53.60037313,34.0147027,76.84399781,44.92215489,52.92447449,43.8634244,92.6984358,11.04536102,11.04536102,78.85429601,82.75868534,17.2626765,61.40032573,37.65634077,15,32.55764119,68.44705983,35.12833614,17.4642492,68.0661443,75.89466384
89.28605714,55.71355311,2,54.12947441,114.4027972,32.75667871,16.2788206,51.42956348,9.848857802,80.80222769,41.86884283,25.05992817,36.05551275,68.8839604,36.35931793,60.6052803,28.16025568,40.24922359,29.61418579,48.76474136,35.34119409,63.63175308,97.41663102,29.01723626,16.03121954,48.60041152,54.08326913,32.44996148,23.70653918,39.56008089,20.61552813,41.18252056,100.8464179,64.38167441,15,66.03029608,77.1621669,0,93.00537619,52,73.40980861,52.80151513,70.00714249,28.44292531,35.12833614,96.5194281,48.83646179,56.92099788,28.01785145,93.05912099,90.91754506,63.19810124,23.02172887,70.03570518,77.83315489,69.89277502,65.55150647,37.33630941,92.6984358,30.8058436,49.76946855,29.27456234,34.92849839,31.76476035,57.00877125,68.59300256,77.66595136,77.66595136,22,68.00735254,77.20103626,35.38361203,81.63332653,86.28441342,46.32493929,37.16180835,84.11896338,60.67124525,19.72308292,19.6468827
51.0881591,59.81638571,93.60555539,39.39543121,41.10960958,60.40695324,76.84399781,65.94694838,94.72592042,55.90169944,78.51751397,77.52418977,58.6003413,43.41658669,90.90654542,56.08029957,92.00543462,53.75872022,110.2769242,78.58753082,74.16872656,68.09552114,31.6227766,66.21178143,78.18567644,61.18823416,90.13878189,62.64982043,91.58602513,53.45091206,72.53275122,53.46026562,24.08318916,49.24428901,85,99.00505038,25.05992817,93.00537619,0,41.59326869,61.09828148,58.94064811,33.83784863,94.005319,59.09314681,28.46049894,56.71860365,75.96051606,105.4751155,41.10960958,20.59126028,34.05877273,88.83692926,25,41.23105626,58.83026432,73.35529974,84.59314393,5.385164807,64.62971453,43.73785546,85.02352616,65.19202405,74.06078585,44.72135955,89.89438247,17.02938637,17.02938637,89.14033879,78.77182237,15.8113883,83.86894539,24.20743687,34.13209633,46.81879964,74.33034374,19.84943324,34.13209633,79.63039621,95.77055915
58.13776741,40.19950248,52.80151513,10.29563014,65.11528238,20.61552813,36.23534186,43.0464865,53.15072906,45,49.64876635,41.23105626,21.63330765,36.89173349,58.66856058,30.08321791,51.623638,12.16552506,72.9177619,44.20407221,35.11409973,52.46903849,48.27007354,28.31960452,38.27531842,26.87005769,56.40035461,21.09502311,55.22680509,13.45362405,31.38470965,12,49.81967483,27.29468813,46.22769733,67.94115101,32.64965543,52,41.59326869,0,53.48831648,27.20294102,30.41381265,53.60037313,21.40093456,46.69047012,21.9317122,45.3431362,68.59300256,55.6057551,39.8246155,21.21320344,52.40229003,22.47220505,34.20526275,39.05124838,47.50789408,46.23851209,40.80441153,23.08679276,2.236067977,44.91102315,31.30495168,40.31128874,15.29705854,61.84658438,28.28427125,28.28427125,48.0416486,53,26.07680962,51.88448708,31.11269837,46.61544808,9.486832981,35.84689666,32.80243893,16.2788206,38.11823711,58.05170109
19.92485885,18.02775638,72.61542536,43.32435804,101.1385189,50.93132631,60.74537019,22.13594362,81.0061726,96.88137076,35.12833614,48.46648326,44.55333882,19.02629759,48.01041554,83.57032966,90.90654542,57.14017851,73.00684899,94.04786016,80.9197133,12.16552506,87.82368701,47.80167361,58.66856058,78.77182237,105.6030303,62.48199741,56.71860365,50.21951812,61.22091146,58.83026432,83.43260753,80.36168241,58.87274412,118.224363,36.40054945,73.40980861,61.09828148,53.48831648,0,80.05623024,29.15475947,92.45539465,45.96737974,85,74.24284477,97.24710793,68.02940541,29.68164416,75.95393341,35.22782991,55.10898293,42.04759208,83.60023923,92.34717104,100.6479011,91.28526716,65.1459899,63.78087488,53.31041174,86.31338251,39.66106403,41.78516483,68.62215386,113.8771268,46.87216658,46.87216658,84.81155582,105.9905656,52.46903849,43.18564576,72.0624729,29.83286778,46.5295605,82.46211251,70.34912935,39.62322551,73.87827827,62.96824597
85.27602242,65.1459899,54.40588203,37.44329045,65.3911309,35,42.15447782,66.49060084,48.83646179,28.01785145,69,54.91812087,40.19950248,64.07027392,74.14849965,7.810249676,37.69615365,24.33105012,80.5294977,19.6468827,19.72308292,77.49193506,49.33558553,43.10452412,45.88027899,4.242640687,31.38470965,24.51530134,66.40783086,31.57530681,36.40054945,22.36067977,55.73149917,13,54.7813837,41.61730409,58.25804665,52.80151513,58.94064811,27.20294102,80.05623024,0,57.38466694,39.56008089,39.11521443,49.47726751,6.08276253,18.43908891,77.38862966,82.07313811,47.09564736,48.27007354,63.89053138,47.63402146,27.31300057,17.4642492,20.61552813,27.45906044,55.90169944,25,26.92582404,30.87069808,50.03998401,57.14017851,14.76482306,34.71310992,51.10772936,51.10772936,37.73592453,25.94224354,46.5188134,68.46897107,38,72.9177619,33.61547263,18.78829423,42.04759208,43.27817002,33.30165161,66.70832032
28.01785145,26.17250466,70.00714249,20.80865205,72.42237223,38.83297568,54.14794548,32.55764119,74.67261881,69.57010852,46.04345773,49.24428901,34.13209633,10.19803903,59.16924877,59.07622195,78.54934755,38.94868419,80.99382693,74.51845409,64.14047084,34.43835072,58.69412236,41,54,57.28001397,86.68333173,47.01063709,62.29767251,34.17601498,51.7880295,39.96248241,54.70831747,54.58937626,58.54912467,98.35141077,9.219544457,70.00714249,33.83784863,30.41381265,29.15475947,57.38466694,0,80.41144197,35.22782991,55.90169944,52.32590181,75.69015788,75.96051606,25.55386468,46.87216658,9.219544457,59.77457654,13.03840481,55.54277631,66.64833081,77.20103626,75.29276194,37.12142239,48.84669897,31.2409987,72.49827584,36.67424164,44.27188724,43.829214,92.09777413,18.02775638,18.02775638,73.68174808,82.80096618,23.34523506,52.35456045,43,17.08800749,27.73084925,65.19202405,41.19465985,14.14213562,62.64183905,67.44627492
104.8093507,74.51845409,30.41381265,60.44005295,104.9237819,42.54409477,32.64965543,72.12489168,19.02629759,64.63745044,66.28725368,48.25971405,48.54894438,82.76472679,63.69458376,46.5188134,2,42.20189569,57.00877125,26.17250466,20.39607805,84.85281374,88.86506625,44.68780594,35.80502758,35.73513677,27.20294102,33.52610923,51.54609588,46.23851209,31.2409987,41.77319715,94.83142939,52.55473337,40.71854614,38.11823711,85.16454661,28.44292531,94.005319,53.60037313,92.45539465,39.56008089,80.41144197,0,47.16990566,88.88756943,38.83297568,34.71310992,56.14267539,105.7024125,85.70297544,71.78439942,50.32891813,75.70997292,66.85057965,53.25410782,43.93176527,13.45362405,92.08691547,31.6227766,51.7880295,9.055385138,53.07541804,54.20332093,50.48762225,42.3792402,81.88406438,81.88406438,7.810249676,44.65422712,79.22752047,61.29437168,76.29547824,97.49871794,52.81098371,20.88061302,79.906195,67.72001181,18.60107524,48.05205511
57.70615219,28.60069929,35.35533906,19.6977156,86.45229899,5,19,28.23118843,39.45883931,63.34824386,30.14962686,19.84943324,1.414213562,35.84689666,37.57658846,45.04442252,45.48626166,15.03329638,52.0096145,49.1934955,35.22782991,40.31128874,69.65629907,7.211102551,19.41648784,36.49657518,60.20797289,17,33.9411255,8.544003745,16.76305461,17.02938637,70.76722405,44.91102315,25.94224354,73.06161783,42.04759208,35.12833614,59.09314681,21.40093456,45.96737974,39.11521443,35.22782991,47.16990566,0,68.01470429,33.06055051,53.75872022,47.50789408,59.48108943,60.8276253,28.0713377,31.11269837,35.17101079,54.62600113,55.14526272,59.03388857,45.3431362,59.53990259,18.02775638,19.41648784,40.45985665,11.04536102,19.31320792,33.52610923,70.00714249,43.01162634,43.01162634,39.8246155,63.78871374,43.38202393,31.01612484,52.40229003,51.97114584,12.80624847,36.89173349,53.75872022,25.70992026,28.65309756,37.20215048
78.23042886,79.12016178,97.65244493,50.7740091,18.43908891,67.17886572,81.83520025,84.17244205,95.29428105,33.83784863,94.15412896,87.86353055,68.11754546,66.09841148,104.6231332,43.41658669,86.97700846,56.85068161,119.5198728,67.36467917,68.62215386,89.56003573,3.16227766,75.00666637,84.3860178,53.16013544,77,64.07027392,101.9117265,60.10823571,76.40026178,55.6057551,7.615773106,36.67424164,92.6984358,82.87339742,49.09175083,96.5194281,28.46049894,46.69047012,85,49.47726751,55.90169944,88.88756943,68.01470429,0,50.32891813,62,115.2605744,69.05070601,9.055385138,51.86520992,99.08582139,43.41658669,23.02172887,41.19465985,56.43580424,76.90253572,23.08679276,65.73431372,48.7954916,80.00624976,77.20103626,86.40023148,39.8246155,72.36711961,38.20994635,38.20994635,86.16263691,61,32.55764119,97.65244493,15.62049935,61.29437168,55.4436651,68.00735254,15.23154621,49.24428901,79.17701687,104.6613587
80.05623024,59.13543777,50.32891813,32.01562119,67.11929678,29.01723626,37.12142239,60.41522987,45.80392996,32.64965543,63.00793601,49.24428901,34.13209633,58.6003413,68.44705983,12.64911064,36.87817783,18.24828759,75.80237463,22.82542442,18.43908891,71.47027354,50.56678752,37.21558813,40.71854614,5,34.98571137,18.97366596,61.09828148,25.49509757,31.30495168,16.2788206,56.04462508,15.55634919,49.65883607,46.09772229,53.82378656,48.83646179,56.71860365,21.9317122,74.24284477,6.08276253,52.32590181,38.83297568,33.06055051,50.32891813,0,23.43074903,72.47068373,77.3369252,46.87216658,43.13930922,58.52349955,43.26661531,29.41088234,22.8035085,26.57066051,28.01785145,54.14794548,19.6977156,21.40093456,29.83286778,44.01136217,51.2445119,12.04159458,40,47.42362281,47.42362281,35.84689666,31.78049716,43.32435804,62.64982043,37.48332963,68.24954212,27.73084925,18.11077028,41.19465985,38.18376618,29.83286778,61.7170965
103.4794666,81.43709229,58.82176468,55.4436651,75.31268154,49.04079934,51.03920062,81.93289938,50.08991915,31.95309062,82.20097323,66.12110102,55.02726597,82.00609733,85.00588215,19.92485885,33.42154993,40.24922359,86.40023148,8.602325267,22.20360331,93.62157871,61.07372594,56.08921465,55.03635162,18.60107524,15,37.10795063,75.32595834,47.42362281,46.01086828,38.47076812,69.0651866,26.92582404,63.28506933,23.32380758,76.69419796,56.92099788,75.96051606,45.3431362,97.24710793,18.43908891,75.69015788,34.71310992,53.75872022,62,23.43074903,0,84.17244205,100.4987562,61.66036004,66.52818951,73.17103252,66.06814664,39.01281841,21.37755833,9.219544457,21.40093456,72.42237223,36.67424164,44.82186966,28.65309756,64.03124237,69.72087205,33.01514804,16.64331698,69.33974329,69.33974329,36.7151195,11.18033989,64.49806199,80.22468448,53.36665626,91.35097153,50.7740091,20.22374842,57.72347876,61.55485359,37.85498646,74.14849965
87.09190548,53.60037313,26.01922366,66.61080993,133.6600165,48.10405388,35.35533906,47.26520919,37.12142239,105.1189802,33.01514804,28.01785145,47.63402146,71.06335202,20.22374842,84.97058314,56.0357029,59.03388857,5.099019514,76.29547824,62.09669879,56.14267539,116.7261753,40.36087214,31.90611227,73.40980861,82.09750301,53.85164807,13.89244399,55.15432893,41.18252056,60.6052803,118.2581921,87.46427842,23.02172887,94.005319,84.69356528,28.01785145,105.4751155,68.59300256,68.02940541,77.38862966,75.96051606,56.14267539,47.50789408,115.2605744,72.47068373,84.17244205,0,94.04786016,108.3005078,72.00694411,16.64331698,80.62257748,99.62429423,94.84724561,92.44457799,65.27633568,106.5082156,52.83937925,66.46803743,57.218878,40.31128874,31.78049716,78.00640999,96.5194281,88.68483523,88.68483523,50.009999,95.34149149,90.13878189,25.07987241,99.70456359,89.49860334,60.30754513,64.03124237,101.2373449,71.34423593,46.32493929,10.81665383
11.66190379,40.44749683,92.77930804,46.32493929,82,63.5688603,77.87810989,46.87216658,98.71676656,90.42676595,61.39218191,70.0285656,58.24087911,24.18677324,74.95331881,82.8794305,103.8701112,64.49806199,99.14131329,99.80981916,89.69392399,41.14608122,72.18032973,64.32728814,77.1038261,82.32860985,112.0044642,72.44998275,81.3019065,59.50630219,76.24303247,65.51335742,65.19202405,77.62087348,80.15609771,123.434193,24.20743687,93.05912099,41.10960958,55.6057551,29.68164416,82.07313811,25.55386468,105.7024125,59.48108943,69.05070601,77.3369252,100.4987562,94.04786016,0,60.41522987,34.66987165,79.15806971,34.71310992,75.59100476,89.40357935,101.2373449,100.8464179,46.27094121,74.24957912,56.61271942,97.94386147,58.30951895,64.00781202,67.89698079,116.6747616,34,34,98.79271228,106.8877916,40.24922359,69.05070601,60.16643583,9.219544457,53.23532662,90.73588044,56.92099788,39.40812099,87.66413178,87.14355972
69.35416354,70.38465742,91.92388155,42.80186912,26.41968963,60.44005295,75.71657678,75.58438992,90.47098983,36.89173349,85.98255637,80.61017306,60.81118318,57.07013229,96.8297475,42.10700654,83.74365648,50.7740091,112.6987134,66.03029608,65.30696747,80.65358021,12,67.94115101,78.00640999,50.35871325,76.53103945,58.5918083,94.76286192,53.26349594,70.49113419,49.73932046,10,35.05709629,86.05230967,83.67795409,40.04996879,90.91754506,20.59126028,39.8246155,75.95393341,47.09564736,46.87216658,85.70297544,60.8276253,9.055385138,46.87216658,61.66036004,108.3005078,60.41522987,0,43.08131846,91.93475948,34.4818793,23.40939982,42.05948169,57.28001397,74.43117626,15.26433752,60.37383539,42.01190308,76.68767828,69.52697318,78.74642849,35.44009029,73.68174808,29.15475947,29.15475947,82.28000972,62.29767251,23.53720459,89.81091248,9.486832981,52.46903849,48.08326112,64.93843238,7.071067812,40.70626487,74.46475676,97.83659847
37.01351105,27.31300057,63.38769597,11.66190379,69.35416354,31.06444913,47.04253395,32.75667871,67.11929678,61.84658438,44.55333882,44.38468204,27.16615541,16.76305461,56.85068161,50.24937811,69.89277502,29.96664813,76.92203845,65.29931087,55.07267925,37.85498646,54.40588203,34.525353,47.38143096,48.08326112,77.46612163,38.27531842,58.13776741,25.70992026,44.10215414,30.88689042,51.88448708,46.09772229,52.88667129,89.14033879,14,63.19810124,34.05877273,21.21320344,35.22782991,48.27007354,9.219544457,71.78439942,28.0713377,51.86520992,43.13930922,66.52818951,72.00694411,34.66987165,43.08131846,0,55.4616985,9.219544457,48.37354649,58.18075283,68.24221567,66.24198065,36.12478374,40.16217126,22.02271555,63.69458376,31.78049716,40.31128874,34.98571137,82.97590012,17.02938637,17.02938637,65.2533524,73.81734214,20.24845673,49.81967483,37.65634077,25.94224354,18.97366596,56.08029957,36.68787266,5,54.34151268,62.76941931
73.17103252,39.01281841,21.40093456,50,117.5159564,32.20248438,22.20360331,33.24154028,32.75667871,91,20.61552813,11.40175425,31.144823,55.57877293,13.41640786,71.16881339,49.64876635,43.56604182,21.47091055,66,51.03920062,43.96589587,100.6578363,24.08318916,18.24828759,60.16643583,73.68174808,39.56008089,2.828427125,39.05124838,27.65863337,45.27692569,101.8626526,72.9177619,10.04987562,86.31338251,68.35202996,23.02172887,88.83692926,52.40229003,55.10898293,63.89053138,59.77457654,50.32891813,31.11269837,99.08582139,58.52349955,73.17103252,16.64331698,79.15806971,91.93475948,55.4616985,0,64.00781202,84.38009244,81.27115109,80.75270893,56.56854249,89.87213139,38.89730068,50.32891813,48.83646179,23.70653918,15.5241747,62.76941931,87.09190548,72.06941099,72.06941099,43.01162634,84.29116205,73.4982993,13.03840481,83.48652586,73.97972695,43.8634244,53.03772242,84.86459804,54.70831747,36.12478374,8
39.81205847,36.23534186,70.40596566,16.03121954,60.53924347,37.33630941,53.75872022,41.88078318,73.06161783,57.00877125,53.75872022,52.77309921,34.4818793,23.02172887,65.94694838,48.16637832,73.75635566,33.54101966,85.47514259,66.03786792,57.5847202,46.17358552,46.09772229,42.05948169,54.5710546,48.25971405,78.23042886,42.42640687,66.73080248,31.01612484,50.15974482,33.95585369,42.95346319,43.01162634,60.74537019,89.20201791,10.63014581,70.03570518,25,22.47220505,42.04759208,47.63402146,13.03840481,75.70997292,35.17101079,43.41658669,43.26661531,66.06814664,80.62257748,34.71310992,34.4818793,9.219544457,64.00781202,0,42.72001873,54.91812087,66.52818951,68.70953355,26.90724809,44.40720662,24.04163056,67.18630813,40.31128874,49.09175083,33.24154028,82.07313811,8.062257748,8.062257748,69.72087205,72.18032973,11.18033989,58.89821729,30.01666204,25.49509757,24.0208243,58.30951895,28.44292531,9.486832981,59.21148537,71.11258679
82.28000972,73.17103252,79.20858539,42.19004622,38.07886553,52.35456045,64.66065264,76.79192666,75.21303079,15,83.81527307,73.8241153,55.15432893,64.93843238,92.19544457,20.61552813,65,40.81666326,103.406963,44.40720662,46.95742753,85.02352616,22.36067977,60.8276253,67.80117993,31.30495168,54.00925847,46.09772229,87.13208364,46.09772229,58.89821729,39.11521443,30.06659276,14.31782106,76.6093989,60.41522987,52,77.83315489,41.23105626,34.20526275,83.60023923,27.31300057,55.54277631,66.85057965,54.62600113,23.02172887,29.41088234,39.01281841,99.62429423,75.59100476,23.40939982,48.37354649,84.38009244,42.72001873,0,18.68154169,33.95585369,54.40588203,36.61966685,47.42362281,35.73513677,58.18075283,65.19202405,73.92563831,21.63330765,50.28916384,41.59326869,41.59326869,64.88451279,38.89730068,35.35533906,85.61541917,17.02938637,66.64082833,43.68065934,46.09772229,21.40093456,44.10215414,59.20304046,88.81441324
94.51454914,79.07591289,71.56116265,49.04079934,53.93514624,51.4781507,59.61543424,81.3019065,65.19202405,11.40175425,85.28774824,72.03471385,56.08029957,74.8465096,91.21951546,10.19803903,51.6139516,40.11234224,97.9489663,28.23118843,35.38361203,91.41115906,40.01249805,59.8414572,63.3245608,21.47091055,36.22154055,41.76122604,83.81527307,47.01063709,53.85164807,38.11823711,48.50773134,12.08304597,72.23572523,41.77319715,65.21502894,69.89277502,58.83026432,39.05124838,92.34717104,17.4642492,66.64833081,53.25410782,55.14526272,41.19465985,22.8035085,21.37755833,94.84724561,89.40357935,42.05948169,58.18075283,81.27115109,54.91812087,18.68154169,0,15.29705854,39.96248241,54.58937626,42.3792402,39.62322551,45.45327271,66.18912297,73.8241153,23.76972865,31.6227766,55.97320788,55.97320788,53.07541804,20.24845673,50.20956084,85.32877592,34.88552709,80.21221852,47.38143096,33.9411255,39.35733731,53.31041174,50.21951812,84.17244205
105.2093152,85.70297544,67.41661516,57.80138407,68.35934464,54.58937626,58.54912467,86.83317338,59.05929224,24.33105012,88.36288814,73.02739212,60.20797289,84.38009244,92.13576938,18.38477631,42.63801121,44.64302857,94.86832981,17.80449381,30.3644529,98.03060747,55.14526272,62.20128616,62.51399843,22.56102835,22.13594362,43.10452412,83.02409289,51.92301994,53.23532662,42.72001873,63.78871374,24.41311123,71.02112362,26.47640459,77.1038261,65.55150647,73.35529974,47.50789408,100.6479011,20.61552813,77.20103626,43.93176527,59.03388857,56.43580424,26.57066051,9.219544457,92.44457799,101.2373449,57.28001397,68.24221567,80.75270893,66.52818951,33.95585369,15.29705854,0,30.61045573,69.35416354,43.01162634,47.41307836,37.73592453,69.72087205,76.10519036,33.42154993,16.55294536,68.76772499,68.76772499,45.79301257,5.656854249,63.41135545,87,49.76946855,92.02173656,54.23098745,28.46049894,54.23098745,63.2455532,46.17358552,82.22530024
101.4001972,73.87827827,39.3192065,54.58937626,92.35799911,40.36087214,35.73513677,72.6704892,29.41088234,51.31276644,69.46221995,51.86520992,46.75467891,79.20227269,69.42621983,33.83784863,12.04159458,36.35931793,66.91038783,12.80624847,11.18033989,85.21150157,76.65507159,44.94441011,39.56008089,24.08318916,17.11724277,29.06888371,58.30951895,42.01190308,32.20248438,35.35533906,83.18653737,40.26164428,46.5295605,29.83286778,78.79086241,37.33630941,84.59314393,46.23851209,91.28526716,27.45906044,75.29276194,13.45362405,45.3431362,76.90253572,28.01785145,21.40093456,65.27633568,100.8464179,74.43117626,66.24198065,56.56854249,68.70953355,54.40588203,39.96248241,30.61045573,0,82.15229759,27.58622845,44.77722635,8.062257748,53.53503526,56.8594759,40.04996879,31.25699922,74.04052944,74.04052944,15.8113883,31.76476035,70.61161378,65.80273551,65.19202405,92.17917335,47.70744177,10.44030651,69.0651866,61.7170965,20.61552813,56
56.00892786,62.68173578,93.40770846,39.96248241,36.34556369,60.41522987,76.69419796,68.60029154,93.86160024,51.0881591,80.65977932,78.49203781,59.16924877,47.01063709,92.6984358,52.49761899,90.08884504,52.88667129,111.2205017,75.50496672,72,71.55417528,26.2488095,66.73080248,78.29431652,58.42088668,86.83317338,61.6116872,92.65527508,53.31041174,72.11102551,52.39274759,19,45.54119015,85.47514259,95.27329112,28.7923601,92.6984358,5.385164807,40.80441153,65.1459899,55.90169944,37.12142239,92.08691547,59.53990259,23.08679276,54.14794548,72.42237223,106.5082156,46.27094121,15.26433752,36.12478374,89.87213139,26.90724809,36.61966685,54.58937626,69.35416354,82.15229759,0,63.56099433,43.01162634,83.05419917,66.4003012,75.43208866,42.10700654,85.90692638,19.41648784,19.41648784,87.57282684,74.6860094,16.40121947,85.63293759,19.72308292,39.01281841,46.95742753,72.02777242,15.26433752,35.4682957,78.44743463,96.56603958
74.06078585,46.61544808,32.01562119,28.86173938,83.60023923,13.03840481,17.49285568,46.06517123,30.3644529,52.32590181,45.54119015,30.14962686,19.41648784,51.86520992,49.36598019,32.31098884,29.73213749,11,56.30275304,31.38470965,17.20465053,58.30951895,66.61080993,19.41648784,21.02379604,21.37755833,42.19004622,2,41.43669871,14.76482306,11.66190379,11.18033989,70.23531875,34.66987165,29.96664813,55.07267925,53.60037313,30.8058436,64.62971453,23.08679276,63.78087488,25,48.84669897,31.6227766,18.02775638,65.73431372,19.6977156,36.67424164,52.83937925,74.24957912,60.37383539,40.16217126,38.89730068,44.40720662,47.42362281,42.3792402,43.01162634,27.58622845,63.56099433,0,21.02379604,23.70653918,27.51363298,33.13608305,26.2488095,52.49761899,51.03920062,51.03920062,25.3179778,47.26520919,49.16299421,44.01136217,51,65.9241989,21.1896201,18.86796226,53.71219601,36.138622,15.03329638,42.05948169
58.72818744,39.45883931,50.56678752,10.63014581,67.2086304,18.43908891,34,42,50.99019514,46.04345773,48.08326112,39.20459157,19.72308292,37.20215048,56.82429058,30.3644529,49.81967483,10.04987562,70.76722405,43.27817002,33.61547263,51.7880295,50.32891813,26.2488095,36.05551275,26.2488095,55.4436651,19.02629759,53.15072906,11.3137085,29.15475947,10.04987562,52.0096145,28.0713377,44.04543109,67.17886572,34.0147027,49.76946855,43.73785546,2.236067977,53.31041174,26.92582404,31.2409987,51.7880295,19.41648784,48.7954916,21.40093456,44.82186966,66.46803743,56.61271942,42.01190308,22.02271555,50.32891813,24.04163056,35.73513677,39.62322551,47.41307836,44.77722635,43.01162634,21.02379604,0,43.17406629,29.54657341,38.47076812,16.03121954,61.40032573,30.14962686,30.14962686,46.09772229,52.83937925,28.16025568,50.08991915,33.24154028,47.70744177,8.062257748,34.43835072,35,17.20465053,36.05551275,55.90169944
97.63708312,68.59300256,31.25699922,52.20153254,96.25487001,35.60898763,28.63564213,66.84309987,21.54065923,56.85068161,62.60990337,44.77722635,41.86884283,75.47184906,61.84658438,38.07886553,7.071067812,33.83784863,58.85575588,20.1246118,11.40175425,79.51100553,80.05623024,39.05124838,32.31098884,26.92582404,25.01999201,25.49509757,50.48762225,38.47076812,25.8069758,33.24154028,85.86617495,43.8634244,38.83297568,37.48332963,76.84399781,29.27456234,85.02352616,44.91102315,86.31338251,30.87069808,72.49827584,9.055385138,40.45985665,80.00624976,29.83286778,28.65309756,57.218878,97.94386147,76.68767828,63.69458376,48.83646179,67.18630813,58.18075283,45.45327271,37.73592453,8.062257748,83.05419917,23.70653918,43.17406629,0,47.63402146,50.11985634,41.43669871,39.3192065,73.1641989,73.1641989,8.062257748,39.39543121,70.34912935,58.52349955,67.26812024,89.55445271,44.77722635,12.08304597,70.85901495,59.46427499,13.41640786,48.01041554
54.40588203,21.63330765,34.525353,26.87005769,95.60334722,15.13274595,21.09502311,19.20937271,41.62931659,74.33034374,19.10497317,12.64911064,10.19803903,34.13209633,27.45906044,56.08029957,51.623638,26.07680962,45.17742799,58.87274412,44.28317965,31.89043744,79.0569415,8.602325267,19.31320792,47.26520919,69.3181073,26.92582404,26.41968963,19.41648784,21.9317122,28.0713377,79.30952024,55.90169944,22.02271555,82.29216245,44.92215489,34.92849839,65.19202405,31.30495168,39.66106403,50.03998401,36.67424164,53.07541804,11.04536102,77.20103626,44.01136217,64.03124237,40.31128874,58.30951895,69.52697318,31.78049716,23.70653918,40.31128874,65.19202405,66.18912297,69.72087205,53.53503526,66.4003012,27.51363298,29.54657341,47.63402146,0,9.219544457,44.38468204,80.00624976,48.37354649,48.37354649,45.3431362,74.33034374,50,20.59126028,61.6116872,52.0096145,21.9544984,46.09772229,62.48199741,31.06444913,34.6554469,31.01612484
58.69412236,24.51530134,30.87069808,36.06937759,104.8093507,22.36067977,21.63330765,19.6977156,40,82.46211251,12.64911064,6.708203932,18.78829423,40.19950248,18.35755975,63.63961031,53.00943312,33.95585369,36.76955262,63.78871374,48.76474136,31.90611227,88.23264702,14.03566885,18.43908891,54.00925847,73.38937253,33.01514804,18.02775638,27.85677655,24.69817807,35.90264614,88.52683209,64.03124237,17.08800749,86.37708029,52.92447449,31.76476035,74.06078585,40.31128874,41.78516483,57.14017851,44.27188724,54.20332093,19.31320792,86.40023148,51.2445119,69.72087205,31.78049716,64.00781202,78.74642849,40.31128874,15.5241747,49.09175083,73.92563831,73.8241153,76.10519036,56.8594759,75.43208866,33.13608305,38.47076812,50.11985634,9.219544457,0,52.81098371,85.14693183,57.14017851,57.14017851,46.40043103,80.39900497,59.03388857,11.70469991,70.80254233,58.54912467,31.06444913,50.69516742,71.70076708,40,36.7151195,23.34523506
71.84705979,55.4436651,58.25804665,25.29822128,57.42821606,30.87069808,43.18564576,58.00862005,55.47071299,30.14962686,63.34824386,52.32590181,34.20526275,51.42956348,70.9365914,15.26433752,48.50773134,19.23538406,81.83520025,34.17601498,30.14962686,67.74215822,40.49691346,39.39543121,46.22769733,16.4924225,46.09772229,24.75883681,65.51335742,25,37.48332963,17.49285568,44.94441011,12.04159458,55,56.30275304,43.8634244,57.00877125,44.72135955,15.29705854,68.62215386,14.76482306,43.829214,50.48762225,33.52610923,39.8246155,12.04159458,33.01514804,78.00640999,67.89698079,35.44009029,34.98571137,62.76941931,33.24154028,21.63330765,23.76972865,33.42154993,40.04996879,42.10700654,26.2488095,16.03121954,41.43669871,44.38468204,52.81098371,0,48.83646179,36.35931793,36.35931793,46.84015371,39.05124838,31.78049716,64.51356447,25.96150997,58.69412236,24,30.01666204,29.42787794,30.01666204,39.35733731,67.20119047
119.9708298,97.94386147,70.57619995,72.00694411,83,65.19202405,65.37583651,98.23441352,60.41522987,39.11521443,97.74456507,81.04936767,71.30918594,98.60020284,99.50376877,34.40930107,41.76122604,56.82429058,98.15294188,21.37755833,36.49657518,110.0727032,70.85901495,71.84010022,69.35416354,35.22782991,15.23154621,53.14132102,89.02246907,63.95310782,60.8276253,55.07267925,79.83107165,40.81666326,77.0584194,11.18033989,92.6984358,68.59300256,89.89438247,61.84658438,113.8771268,34.71310992,92.09777413,42.3792402,70.00714249,72.36711961,40,16.64331698,96.5194281,116.6747616,73.68174808,82.97590012,87.09190548,82.07313811,50.28916384,31.6227766,16.55294536,31.25699922,85.90692638,52.49761899,61.40032573,39.3192065,80.00624976,85.14693183,48.83646179,0,84.81155582,84.81155582,46.87216658,11.40175425,79.63039621,95.18928511,66.3098786,107.4895344,67.41661516,34.525353,70.77428912,77.98717843,51.00980298,87.09190548
41.23105626,43.26661531,78.10249676,23.53720459,54.40588203,44.91102315,61.39218191,49.2036584,80.30566605,56.43580424,61.52235366,60.8276253,42.3792402,28.16025568,73.87827827,50.44799302,79.906195,40.04996879,93.53608929,70.21395873,63.0634601,52.39274759,41.10960958,49.979996,62.36184731,52.32590181,82.29823813,49.04079934,74.79304781,38.32753579,57.55866572,40.19950248,36.68787266,44.55333882,68.70953355,92.64987858,11.04536102,77.66595136,17.02938637,28.28427125,46.87216658,51.10772936,18.02775638,81.88406438,43.01162634,38.20994635,47.42362281,69.33974329,88.68483523,34,29.15475947,17.02938637,72.06941099,8.062257748,41.59326869,55.97320788,68.76772499,74.04052944,19.41648784,51.03920062,30.14962686,73.1641989,48.37354649,57.14017851,36.35931793,84.81155582,0,0,76.23647421,74.41102069,6.32455532,66.84309987,26.68332813,25.07987241,31.40063694,63.60031446,24.08318916,17.4642492,66.00757532,79.15806971
41.23105626,43.26661531,78.10249676,23.53720459,54.40588203,44.91102315,61.39218191,49.2036584,80.30566605,56.43580424,61.52235366,60.8276253,42.3792402,28.16025568,73.87827827,50.44799302,79.906195,40.04996879,93.53608929,70.21395873,63.0634601,52.39274759,41.10960958,49.979996,62.36184731,52.32590181,82.29823813,49.04079934,74.79304781,38.32753579,57.55866572,40.19950248,36.68787266,44.55333882,68.70953355,92.64987858,11.04536102,77.66595136,17.02938637,28.28427125,46.87216658,51.10772936,18.02775638,81.88406438,43.01162634,38.20994635,47.42362281,69.33974329,88.68483523,34,29.15475947,17.02938637,72.06941099,8.062257748,41.59326869,55.97320788,68.76772499,74.04052944,19.41648784,51.03920062,30.14962686,73.1641989,48.37354649,57.14017851,36.35931793,84.81155582,0,0,76.23647421,74.41102069,6.32455532,66.84309987,26.68332813,25.07987241,31.40063694,63.60031446,24.08318916,17.4642492,66.00757532,79.15806971
97.52948272,66.84309987,24,54.12947441,102.859127,35.34119409,24.8394847,64.35060217,13.60147051,64.44377394,58.52349955,40.49691346,41.18252056,75.58438992,56.30275304,45.22167622,6.708203932,36.22154055,51.35172831,28.17800561,18.02775638,77.07788269,86.40601831,37.01351105,28.01785145,33.61547263,32.14031736,27.29468813,44.38468204,39.56008089,23.60084744,36.05551275,91.70605214,50.60632372,33.24154028,44.04543109,78.85429601,22,89.14033879,48.0416486,84.81155582,37.73592453,73.68174808,7.810249676,39.8246155,86.16263691,35.84689666,36.7151195,50.009999,98.79271228,82.28000972,65.2533524,43.01162634,69.72087205,64.88451279,53.07541804,45.79301257,15.8113883,87.57282684,25.3179778,46.09772229,8.062257748,45.3431362,46.40043103,46.84015371,46.87216658,76.23647421,76.23647421,0,47.42362281,74,53.66563146,72.80109889,90.75791976,46.32493929,19.20937271,76.15773106,61.39218191,11.18033989,41.30375286
110.8016245,90.82400564,69.92138443,63.28506933,72.0624729,59.22837158,62.12889827,91.76055798,60.92618485,28,92.77930804,77.02596965,65,89.88882022,96.00520819,24.04163056,43.56604182,49.64876635,97.52948272,19.31320792,33.37663854,103.1212878,59.53990259,66.61080993,66.12110102,27.51363298,20.24845673,47.51841748,86.46964785,56.92099788,57.00877125,47.75981575,68.44705983,30,74.43117626,22.02271555,82.75868534,68.00735254,78.77182237,53,105.9905656,25.94224354,82.80096618,44.65422712,63.78871374,61,31.78049716,11.18033989,95.34149149,106.8877916,62.29767251,73.81734214,84.29116205,72.18032973,38.89730068,20.24845673,5.656854249,31.76476035,74.6860094,47.26520919,52.83937925,39.39543121,74.33034374,80.39900497,39.05124838,11.40175425,74.41102069,74.41102069,47.42362281,0,69.02897942,91.08786966,55.03635162,97.67292358,59.50630219,31.40063694,59.50630219,68.81860214,49.03060269,85.32877592
47.5394573,47.41307836,77.79460136,23.70653918,49.39635614,44.59820624,61.03277808,53,79.07591289,50.24937811,64.5368112,62.12889827,42.94182111,33.54101966,76.38062582,45.22167622,77.23341246,38.20994635,94.87360012,65.9241989,59.8414572,57.24508713,35.35533906,50.53711507,62.39390996,48.10405388,77.87810989,47.16990566,76.2758153,37.64306045,56.75385449,38.05259518,31.78049716,39.05124838,69.3181073,87.8179936,17.2626765,77.20103626,15.8113883,26.07680962,52.46903849,46.5188134,23.34523506,79.22752047,43.38202393,32.55764119,43.32435804,64.49806199,90.13878189,40.24922359,23.53720459,20.24845673,73.4982993,11.18033989,35.35533906,50.20956084,63.41135545,70.61161378,16.40121947,49.16299421,28.16025568,70.34912935,50,59.03388857,31.78049716,79.63039621,6.32455532,6.32455532,74,69.02897942,0,69.3108938,20.39607805,31.38470965,31.01612484,60.20797289,18,19.10497317,64.19501538,80.26207074
62.03224968,28.63564213,33.9411255,47.01063709,116.0172401,33.95585369,30.08321791,22.20360331,44.82186966,94.11163584,8.062257748,14.14213562,30.46309242,46.4865572,7.071067812,75.13321503,60.37383539,45.607017,30.14962686,73.8241153,58.69412236,31.57530681,99.5690715,25.49509757,26.2488095,65.19202405,82.71033793,44.10215414,13.92838828,39.56008089,34.36568055,47.5394573,99.48869282,75.69015788,20.80865205,95.60334722,61.40032573,35.38361203,83.86894539,51.88448708,43.18564576,68.46897107,52.35456045,61.29437168,31.01612484,97.65244493,62.64982043,80.22468448,25.07987241,69.05070601,89.81091248,49.81967483,13.03840481,58.89821729,85.61541917,85.32877592,87,65.80273551,85.63293759,44.01136217,50.08991915,58.52349955,20.59126028,11.70469991,64.51356447,95.18928511,66.84309987,66.84309987,53.66563146,91.08786966,69.3108938,0,82.09750301,64.84597135,42.54409477,60.67124525,82.80096618,50.20956084,45.22167622,20.24845673
67.91170739,64.56004957,82.68010643,35.35533906,34.05877273,51.66236541,66.61080993,69.28924881,81.0246876,31.82766093,78.77182237,72.24956747,52.49761899,53.03772242,89.05054744,33.54101966,74.33034374,41.61730409,104.0048076,57.218878,55.90169944,75.50496672,17.49285568,59.41380311,69.02897942,41.10960958,68.0661443,49.24428901,86.31338251,44.55333882,61.29437168,40.49691346,19.23538406,26.47640459,77.23341246,75.89466384,37.65634077,81.63332653,24.20743687,31.11269837,72.0624729,38,43,76.29547824,52.40229003,15.62049935,37.48332963,53.36665626,99.70456359,60.16643583,9.486832981,37.65634077,83.48652586,30.01666204,17.02938637,34.88552709,49.76946855,65.19202405,19.72308292,51,33.24154028,67.26812024,61.6116872,70.80254233,25.96150997,66.3098786,26.68332813,26.68332813,72.80109889,55.03635162,20.39607805,82.09750301,0,51.54609588,39.8246155,55.57877293,4.472135955,34.4818793,65,89.14033879
17,36.40054945,86.14522622,37.58989226,75.23961722,55.78530272,70.71067812,43.08131846,91.41115906,81.41252975,57.5847202,64.19501538,50.80354318,18.43908891,71.16881339,73.66138744,95.63472173,55.90169944,94.59386872,90.80198236,81.0061726,39.8246155,64.38167441,57.31491952,70.25667228,73.24616031,103.0048543,64.07807737,76.29547824,51.26402247,68.65857558,56.82429058,58.00862005,68.41052551,74.02702209,114.3372205,15,86.28441342,34.13209633,46.61544808,29.83286778,72.9177619,17.08800749,97.49871794,51.97114584,61.29437168,68.24954212,91.35097153,89.49860334,9.219544457,52.46903849,25.94224354,73.97972695,25.49509757,66.64082833,80.21221852,92.02173656,92.17917335,39.01281841,65.9241989,47.70744177,89.55445271,52.0096145,58.54912467,58.69412236,107.4895344,25.07987241,25.07987241,90.75791976,97.67292358,31.38470965,64.84597135,51.54609588,0,44.77722635,81.98780397,48.50773134,30.52867504,79.69943538,81.88406438
53.90732789,31.78049716,46.84015371,8,73.87827827,13.60147051,30.08321791,34.0147027,49.04079934,54.08326913,40.16217126,32.52691193,12.72792206,31.82766093,49.39635614,37.85498646,50.92150823,11.40175425,64.81512169,48.16637832,36.61966685,44.14748011,57.20139858,20,31.38470965,32.24903099,60.10823571,19.31320792,46.69047012,7,26.17250466,12.72792206,58,36.01388621,38.58756276,72.34638899,32.55764119,46.32493929,46.81879964,9.486832981,46.5295605,33.61547263,27.73084925,52.81098371,12.80624847,55.4436651,27.73084925,50.7740091,60.30754513,53.23532662,48.08326112,18.97366596,43.8634244,24.0208243,43.68065934,47.38143096,54.23098745,47.70744177,46.95742753,21.1896201,8.062257748,44.77722635,21.9544984,31.06444913,24,67.41661516,31.40063694,31.40063694,46.32493929,59.50630219,31.01612484,42.54409477,39.8246155,44.77722635,0,37.80211634,41.01219331,15.13274595,35.51056181,50
91.67878708,65.4599114,39,44.41846463,84.17244205,31.90611227,31.01612484,64.88451279,31.40063694,45.27692569,63.3245608,46.5295605,38.27531842,69.52697318,65.12296062,26.07680962,18.97366596,26.40075756,66.40783086,13.15294644,2,77.17512553,68.00735254,37.69615365,35.0142828,14.86606875,23.32380758,20,55.14526272,32.52691193,26.30589288,25.23885893,73.97972695,31.78049716,43.10452412,36.23534186,68.44705983,37.16180835,74.33034374,35.84689666,82.46211251,18.78829423,65.19202405,20.88061302,36.89173349,68.00735254,18.11077028,20.22374842,64.03124237,90.73588044,64.93843238,56.08029957,53.03772242,58.30951895,46.09772229,33.9411255,28.46049894,10.44030651,72.02777242,18.86796226,34.43835072,12.08304597,46.09772229,50.69516742,30.01666204,34.525353,63.60031446,63.60031446,19.20937271,31.40063694,60.20797289,60.67124525,55.57877293,81.98780397,37.80211634,0,59.30430001,51.4781507,17.72004515,53.93514624
65.11528238,63.90618123,85.08818954,35.80502758,33.28663395,53.41348144,68.79680225,68.94200461,83.93449827,36.06937759,79.07591289,73.53910524,53.74011537,51.35172831,89.81091248,37.85498646,77.92945528,43.9089968,105.6456341,61.40032573,59.53990259,74.46475676,17.72004515,60.87692502,71.02816343,45.01110974,72.36711961,51.89412298,87.69264507,46.22769733,63.63175308,42.94182111,17.02938637,30.8058436,79.0253124,80.32434251,35.12833614,84.11896338,19.84943324,32.80243893,70.34912935,42.04759208,41.19465985,79.906195,53.75872022,15.23154621,41.19465985,57.72347876,101.2373449,56.92099788,7.071067812,36.68787266,84.86459804,28.44292531,21.40093456,39.35733731,54.23098745,69.0651866,15.26433752,53.71219601,35,70.85901495,62.48199741,71.70076708,29.42787794,70.77428912,24.08318916,24.08318916,76.15773106,59.50630219,18,82.80096618,4.472135955,48.50773134,41.01219331,59.30430001,0,34.0147027,68.00735254,90.78546139
42.01190308,30.08321791,61,7.280109889,67.11929678,28.0713377,44.40720662,34.92849839,64,57.27128425,45.607017,43.41658669,25,21.54065923,57.28001397,45.27692569,65.80273551,25.63201124,76.15773106,60.44005295,50.53711507,41.30375286,51.623638,32.57299495,45.12205669,43.13930922,72.62231062,34.20526275,57.45432969,22.09072203,41.01219331,26.40075756,49.92995093,41.23105626,51.26402247,84.21995013,17.4642492,60.67124525,34.13209633,16.2788206,39.62322551,43.27817002,14.14213562,67.72001181,25.70992026,49.24428901,38.18376618,61.55485359,71.34423593,39.40812099,40.70626487,5,54.70831747,9.486832981,44.10215414,53.31041174,63.2455532,61.7170965,35.4682957,36.138622,17.20465053,59.46427499,31.06444913,40,30.01666204,77.98717843,17.4642492,17.4642492,61.39218191,68.81860214,19.10497317,50.20956084,34.4818793,30.52867504,15.13274595,51.4781507,34.0147027,0,50.6359556,61.7170965
86.3539229,55.97320788,21.47091055,43.41658669,96.56603958,24.16609195,15.23154621,53.81449619,16.1245155,61.22091146,49.1934955,31.38470965,30.01666204,64.40496875,48.83646179,41.10960958,17.02938637,26.01922366,48.70318265,30.14962686,15.8113883,66.52818951,79.75587753,26.17250466,18.97366596,29.06888371,37.65634077,17.02938637,38.01315562,28.63564213,12.72792206,26.17250466,84.17244205,45.3431362,26.07680962,50.44799302,68.0661443,19.72308292,79.63039621,38.11823711,73.87827827,33.30165161,62.64183905,18.60107524,28.65309756,79.17701687,29.83286778,37.85498646,46.32493929,87.66413178,74.46475676,54.34151268,36.12478374,59.21148537,59.20304046,50.21951812,46.17358552,20.61552813,78.44743463,15.03329638,36.05551275,13.41640786,34.6554469,36.7151195,39.35733731,51.00980298,66.00757532,66.00757532,11.18033989,49.03060269,64.19501538,45.22167622,65,79.69943538,35.51056181,17.72004515,68.00735254,50.6359556,0,36.34556369
81.15417426,47.01063709,17.72004515,56.60388679,123.0365799,37.48332963,24.59674775,41.19465985,29.41088234,94.36630755,28.16025568,18.38477631,37.44329045,63.50590524,18.43908891,74.24957912,47.67598976,48.27007354,14.86606875,66.48308055,51.97114584,51.66236541,106.0754448,30,21.09502311,62.76941931,73.02739212,43.0464865,6.32455532,44.59820624,30.41381265,49.81967483,107.8146558,76.66159404,12.20655562,85.28774824,75.89466384,19.6468827,95.77055915,58.05170109,62.96824597,66.70832032,67.44627492,48.05205511,37.20215048,104.6613587,61.7170965,74.14849965,10.81665383,87.14355972,97.83659847,62.76941931,8,71.11258679,88.81441324,84.17244205,82.22530024,56,96.56603958,42.05948169,55.90169944,48.01041554,31.01612484,23.34523506,67.20119047,87.09190548,79.15806971,79.15806971,41.30375286,85.32877592,80.26207074,20.24845673,89.14033879,81.88406438,50,53.93514624,90.78546139,61.7170965,36.34556369,0
